               epoch,      train/box_loss,      train/obj_loss,      train/cls_loss,   metrics/precision,      metrics/recall,     metrics/mAP_0.5,metrics/mAP_0.5:0.95,        val/box_loss,        val/obj_loss,        val/cls_loss,               x/lr0,               x/lr1,               x/lr2
                   0,             0.11945,            0.027185,            0.049458,                   0,                   0,                   0,                   0,             0.13148,            0.021271,            0.052922,              0.0802,              0.0022,              0.0022
                   1,             0.12189,            0.025878,            0.047783,                   0,                   0,                   0,                   0,             0.12739,             0.02162,            0.051091,            0.059485,           0.0044852,           0.0044852
                   2,              0.1167,            0.023724,            0.044881,                   0,                   0,                   0,                   0,             0.12224,            0.023229,            0.049487,            0.038755,           0.0067551,           0.0067551
                   3,             0.11696,            0.026216,            0.043644,          0.00026086,           0.0076882,          0.00015853,          1.7601e-05,             0.12064,            0.023733,            0.048962,             0.01801,           0.0090099,           0.0090099
                   4,              0.1136,            0.026723,            0.041608,          0.00090332,            0.039968,          0.00053276,          0.00019776,             0.11916,            0.024735,            0.042858,            0.009868,            0.009868,            0.009868
                   5,             0.10628,            0.028853,            0.040983,          0.00067264,            0.045449,           0.0015684,          0.00069781,             0.12354,            0.025544,            0.043007,            0.009868,            0.009868,            0.009868
                   6,             0.10121,            0.028489,            0.040882,            0.003108,             0.15792,            0.014722,            0.004181,             0.11637,            0.027403,             0.04102,            0.009835,            0.009835,            0.009835
                   7,              0.1036,            0.027922,            0.037652,             0.22557,            0.015912,            0.026464,           0.0077659,             0.11089,            0.028327,            0.040352,            0.009802,            0.009802,            0.009802
                   8,            0.092218,            0.027195,             0.03623,             0.23559,            0.039019,            0.042295,            0.011725,             0.11023,            0.027609,            0.036557,            0.009769,            0.009769,            0.009769
                   9,            0.090648,            0.028358,            0.035246,             0.18518,            0.090512,            0.028758,            0.007958,               0.104,             0.03706,            0.034018,            0.009736,            0.009736,            0.009736
                  10,            0.081302,            0.028995,            0.035105,             0.41398,             0.15506,            0.081696,            0.019521,             0.10688,            0.030279,            0.036459,            0.009703,            0.009703,            0.009703
                  11,             0.08058,            0.027168,            0.034297,             0.69867,             0.17017,             0.12218,            0.036301,            0.088679,            0.023748,            0.029856,             0.00967,             0.00967,             0.00967
                  12,            0.075764,            0.026208,            0.030984,             0.45623,             0.23574,             0.14959,            0.056643,            0.079827,            0.023749,            0.028823,            0.009637,            0.009637,            0.009637
                  13,            0.071787,            0.027286,            0.030667,            0.083376,             0.36426,              0.0962,            0.028266,            0.083408,             0.02281,            0.028562,            0.009604,            0.009604,            0.009604
                  14,            0.077847,            0.026847,            0.036519,             0.30718,             0.30784,             0.19729,            0.077104,             0.07917,            0.026981,            0.030702,            0.009571,            0.009571,            0.009571
                  15,            0.073171,            0.025308,            0.031264,             0.14573,             0.37222,             0.23771,            0.078609,            0.072851,            0.021321,            0.028629,            0.009538,            0.009538,            0.009538
                  16,            0.068374,            0.023589,            0.030078,             0.20333,             0.38958,             0.27242,             0.10157,            0.073161,             0.01955,            0.027722,            0.009505,            0.009505,            0.009505
                  17,            0.071118,            0.023098,            0.032393,             0.22494,              0.5338,             0.26904,             0.10455,            0.069712,             0.02015,            0.025697,            0.009472,            0.009472,            0.009472
                  18,            0.066986,            0.023407,            0.029901,             0.30815,             0.46552,             0.36343,             0.13812,            0.063652,            0.018854,            0.023582,            0.009439,            0.009439,            0.009439
                  19,            0.059103,            0.022971,             0.02454,             0.35161,             0.46925,             0.39461,             0.17658,            0.062764,            0.017663,            0.024885,            0.009406,            0.009406,            0.009406
                  20,             0.06412,            0.022055,            0.031676,             0.35124,             0.50475,             0.41679,             0.17744,            0.064959,            0.018784,            0.023448,            0.009373,            0.009373,            0.009373
                  21,            0.065632,            0.021581,            0.028836,             0.33289,             0.52338,             0.40749,             0.14723,            0.069424,            0.016908,            0.023459,             0.00934,             0.00934,             0.00934
                  22,            0.065154,            0.021857,            0.028322,             0.34822,              0.5262,             0.39719,             0.15098,            0.065652,            0.019134,            0.022726,            0.009307,            0.009307,            0.009307
                  23,            0.058261,            0.021722,            0.025848,             0.36764,             0.51801,             0.50073,             0.18461,            0.068065,            0.017572,            0.020475,            0.009274,            0.009274,            0.009274
                  24,            0.060015,             0.02076,            0.025302,             0.47801,             0.62738,             0.50464,             0.19716,            0.062991,            0.017349,            0.020205,            0.009241,            0.009241,            0.009241
                  25,            0.061421,            0.021379,            0.023664,             0.38648,             0.70226,             0.51163,             0.22257,            0.069605,            0.016592,            0.021841,            0.009208,            0.009208,            0.009208
                  26,            0.057849,            0.021097,            0.023625,              0.4616,             0.62777,             0.55706,             0.19879,            0.058437,            0.016475,            0.021794,            0.009175,            0.009175,            0.009175
                  27,            0.056402,            0.021051,             0.02492,             0.50123,              0.5446,             0.56153,             0.23941,            0.061333,            0.016964,            0.019191,            0.009142,            0.009142,            0.009142
                  28,            0.057718,            0.020573,            0.023477,             0.45702,             0.59683,             0.52901,             0.20892,            0.057727,            0.017125,            0.019066,            0.009109,            0.009109,            0.009109
                  29,            0.059337,            0.020173,            0.022996,             0.51645,              0.6928,             0.63715,             0.27048,            0.055363,            0.015929,            0.017092,            0.009076,            0.009076,            0.009076
                  30,            0.058153,            0.019953,            0.021343,             0.61076,             0.64368,             0.60006,             0.26384,            0.056076,            0.015182,            0.019338,            0.009043,            0.009043,            0.009043
                  31,            0.053761,            0.020101,            0.021888,             0.63588,             0.70105,             0.68582,             0.28744,            0.059532,            0.014846,            0.020333,             0.00901,             0.00901,             0.00901
                  32,             0.05495,            0.018837,             0.02038,             0.61034,             0.77192,             0.70921,              0.3092,            0.055031,             0.01478,            0.019057,            0.008977,            0.008977,            0.008977
                  33,            0.053745,            0.019638,            0.017534,             0.56376,             0.70923,             0.63216,              0.2657,            0.059411,            0.015525,            0.015359,            0.008944,            0.008944,            0.008944
                  34,            0.056604,            0.019081,            0.019786,              0.5941,             0.69258,             0.63725,             0.22532,            0.057056,            0.015129,            0.014549,            0.008911,            0.008911,            0.008911
                  35,            0.055262,            0.019374,            0.018385,             0.63036,             0.77316,             0.70724,             0.28782,            0.057105,            0.014587,            0.013907,            0.008878,            0.008878,            0.008878
                  36,            0.048979,            0.018655,             0.01866,             0.68402,             0.72317,             0.73521,             0.33268,            0.054145,            0.014876,            0.013424,            0.008845,            0.008845,            0.008845
                  37,            0.054955,            0.018582,            0.017648,             0.71616,             0.73158,             0.75075,             0.32712,            0.056716,            0.014218,            0.012908,            0.008812,            0.008812,            0.008812
                  38,             0.05513,            0.018913,            0.015247,              0.7004,             0.74456,             0.73811,             0.35426,            0.054688,            0.014068,            0.011889,            0.008779,            0.008779,            0.008779
                  39,            0.054776,            0.017477,            0.016708,             0.67272,             0.78875,             0.77813,             0.34385,             0.05813,            0.014372,             0.01108,            0.008746,            0.008746,            0.008746
                  40,            0.049212,            0.017839,            0.015277,             0.73042,             0.77476,              0.8065,             0.33944,            0.053601,            0.013788,            0.010563,            0.008713,            0.008713,            0.008713
                  41,            0.052808,            0.018291,            0.016547,             0.68779,             0.73974,             0.75862,             0.34066,            0.054251,            0.013785,            0.010935,             0.00868,             0.00868,             0.00868
                  42,            0.051763,            0.017863,            0.015802,             0.66683,             0.79234,             0.74953,             0.32461,            0.051107,            0.013831,            0.010228,            0.008647,            0.008647,            0.008647
                  43,            0.052653,            0.017092,            0.014884,             0.75481,             0.78397,             0.79325,             0.35727,            0.054437,              0.0141,           0.0094517,            0.008614,            0.008614,            0.008614
                  44,            0.046981,            0.016881,            0.014376,             0.77126,             0.78038,              0.8187,             0.37736,             0.05239,            0.014542,           0.0099295,            0.008581,            0.008581,            0.008581
                  45,            0.054406,             0.01664,            0.016313,             0.78149,             0.81216,             0.81986,             0.37028,            0.054503,            0.014027,            0.010593,            0.008548,            0.008548,            0.008548
                  46,            0.051443,            0.016372,            0.017149,             0.84567,              0.8239,             0.82964,             0.36415,            0.059566,            0.013669,            0.010261,            0.008515,            0.008515,            0.008515
                  47,            0.050686,            0.016716,            0.015624,             0.82908,              0.7977,             0.84092,             0.40662,            0.045081,            0.015143,            0.010186,            0.008482,            0.008482,            0.008482
                  48,            0.046195,            0.017238,            0.013661,             0.74523,              0.7445,             0.74478,             0.28082,            0.051235,            0.014409,           0.0096663,            0.008449,            0.008449,            0.008449
                  49,            0.048675,            0.017034,            0.013846,             0.76161,             0.77016,             0.78224,             0.29767,            0.054235,            0.014373,           0.0087622,            0.008416,            0.008416,            0.008416
                  50,            0.047457,            0.017389,            0.013276,             0.90874,             0.79242,             0.87132,             0.41765,            0.047247,            0.014421,           0.0080046,            0.008383,            0.008383,            0.008383
                  51,            0.048143,            0.016456,            0.011062,             0.85354,             0.79905,             0.84446,             0.38038,            0.054749,            0.013684,           0.0084417,             0.00835,             0.00835,             0.00835
                  52,               0.049,            0.016627,            0.013773,             0.88996,             0.84411,             0.87992,             0.40683,               0.047,            0.013285,             0.00867,            0.008317,            0.008317,            0.008317
                  53,            0.047974,            0.017128,            0.011557,             0.88244,             0.82826,             0.88396,             0.38494,            0.045576,            0.013245,           0.0087118,            0.008284,            0.008284,            0.008284
                  54,             0.04575,             0.01654,            0.011362,             0.84416,             0.81445,             0.82896,             0.37666,            0.043378,            0.013604,           0.0087519,            0.008251,            0.008251,            0.008251
                  55,            0.047818,            0.015118,            0.012952,             0.87932,             0.80353,             0.87251,             0.37592,            0.044821,            0.013466,           0.0082363,            0.008218,            0.008218,            0.008218
                  56,            0.046581,            0.015869,            0.009638,             0.87861,              0.8568,             0.86918,             0.39559,            0.046067,            0.013233,           0.0078884,            0.008185,            0.008185,            0.008185
                  57,            0.047766,            0.016164,            0.010711,             0.87994,             0.85343,             0.87762,             0.39477,            0.051377,            0.013153,           0.0065755,            0.008152,            0.008152,            0.008152
                  58,            0.048456,            0.016493,           0.0081096,             0.90914,             0.86512,             0.89759,             0.42064,            0.046687,            0.013213,           0.0069757,            0.008119,            0.008119,            0.008119
                  59,             0.04642,            0.016181,           0.0098569,             0.90707,             0.84217,             0.90298,             0.41335,            0.056117,            0.013866,           0.0059841,            0.008086,            0.008086,            0.008086
                  60,             0.04516,            0.015446,            0.012514,             0.86113,              0.8223,             0.87112,             0.38718,            0.049297,            0.013435,           0.0058631,            0.008053,            0.008053,            0.008053
                  61,            0.044517,            0.015667,            0.010327,             0.89805,             0.86473,              0.9062,             0.42776,            0.045876,            0.013358,           0.0059381,             0.00802,             0.00802,             0.00802
                  62,            0.048624,            0.015754,            0.010474,             0.93469,             0.81744,             0.90112,              0.4018,             0.05834,            0.013678,           0.0055315,            0.007987,            0.007987,            0.007987
                  63,            0.046556,            0.016081,           0.0090322,             0.96758,             0.88169,             0.92953,             0.45272,            0.049434,            0.013826,           0.0060493,            0.007954,            0.007954,            0.007954
                  64,            0.043781,            0.016052,           0.0094506,             0.92145,             0.88622,             0.91525,             0.44098,            0.045881,            0.013469,           0.0052225,            0.007921,            0.007921,            0.007921
                  65,            0.044345,            0.015149,           0.0093125,             0.90366,             0.87158,             0.90045,             0.42726,            0.051548,            0.013982,            0.004456,            0.007888,            0.007888,            0.007888
                  66,            0.047424,            0.014703,           0.0081531,             0.92274,             0.89212,             0.92455,              0.4444,             0.04971,            0.013516,           0.0042563,            0.007855,            0.007855,            0.007855
                  67,            0.047148,            0.016243,            0.010587,              0.9138,             0.86551,              0.9081,             0.43181,             0.04616,             0.01325,           0.0055779,            0.007822,            0.007822,            0.007822
                  68,            0.041421,            0.015574,           0.0061701,             0.87707,             0.88576,             0.91339,             0.42403,            0.046126,            0.013022,           0.0054697,            0.007789,            0.007789,            0.007789
                  69,            0.047348,             0.01547,           0.0080664,             0.84249,             0.87252,             0.87609,             0.36109,             0.04896,            0.012913,           0.0051021,            0.007756,            0.007756,            0.007756
                  70,            0.044937,            0.015638,            0.010526,             0.94175,             0.89317,             0.92232,              0.4377,            0.040448,            0.013439,           0.0062619,            0.007723,            0.007723,            0.007723
                  71,            0.043776,            0.015818,           0.0091728,             0.91154,             0.88941,             0.91639,              0.4391,            0.047558,            0.013396,           0.0056757,             0.00769,             0.00769,             0.00769
                  72,             0.04632,            0.015631,           0.0084033,             0.92269,             0.86954,             0.89463,             0.42268,            0.046502,            0.013867,           0.0043123,            0.007657,            0.007657,            0.007657
                  73,            0.045153,            0.015414,           0.0075709,             0.91644,             0.91427,             0.91854,             0.41349,            0.043315,            0.013736,           0.0044579,            0.007624,            0.007624,            0.007624
                  74,            0.043572,            0.015781,           0.0079676,             0.92868,              0.8896,             0.92345,             0.38766,            0.049504,            0.014689,           0.0044703,            0.007591,            0.007591,            0.007591
                  75,             0.04665,            0.015309,            0.008593,             0.92925,             0.89289,             0.93016,             0.43629,            0.040684,            0.013158,           0.0052763,            0.007558,            0.007558,            0.007558
                  76,            0.042939,            0.015132,           0.0079651,             0.92158,             0.88624,             0.92524,             0.43322,            0.042605,            0.013304,           0.0045685,            0.007525,            0.007525,            0.007525
                  77,            0.043278,            0.014633,           0.0084572,             0.94222,             0.87679,             0.91852,             0.41808,            0.049185,            0.013375,           0.0045628,            0.007492,            0.007492,            0.007492
                  78,            0.043696,            0.015139,           0.0067643,             0.88939,              0.8745,             0.90078,             0.41852,            0.044093,            0.012858,            0.005288,            0.007459,            0.007459,            0.007459
                  79,            0.042952,            0.014636,           0.0083898,             0.95872,             0.92569,             0.96076,             0.46589,             0.04259,            0.012698,            0.004453,            0.007426,            0.007426,            0.007426
                  80,            0.041419,            0.015279,           0.0058364,             0.94977,             0.88275,             0.93168,             0.44964,            0.045079,            0.012616,           0.0038811,            0.007393,            0.007393,            0.007393
                  81,            0.043014,            0.015192,           0.0057426,             0.92791,             0.88229,             0.91876,             0.42093,            0.041556,            0.012738,           0.0037153,             0.00736,             0.00736,             0.00736
                  82,            0.045325,            0.015537,           0.0079279,              0.8837,             0.84998,             0.88356,             0.38061,            0.046149,            0.012835,            0.003826,            0.007327,            0.007327,            0.007327
                  83,            0.045478,            0.015122,           0.0068901,             0.87173,              0.8403,             0.86247,             0.35367,            0.044333,            0.013392,           0.0038481,            0.007294,            0.007294,            0.007294
                  84,            0.040049,            0.015562,            0.007282,             0.90847,             0.89346,             0.91052,             0.42904,            0.043759,            0.012709,            0.003922,            0.007261,            0.007261,            0.007261
                  85,            0.044326,            0.014998,           0.0079011,             0.91874,             0.88784,             0.91823,              0.4449,            0.042743,            0.012799,           0.0034822,            0.007228,            0.007228,            0.007228
                  86,            0.039435,            0.015169,           0.0074855,             0.96183,             0.88563,             0.93947,             0.44425,            0.043757,            0.012427,           0.0031968,            0.007195,            0.007195,            0.007195
                  87,             0.04118,            0.014992,           0.0074283,             0.97433,             0.91805,             0.94691,             0.44248,            0.044189,            0.012575,           0.0032182,            0.007162,            0.007162,            0.007162
                  88,            0.038271,            0.014095,           0.0051022,             0.93509,             0.89504,             0.92314,             0.44233,            0.049583,            0.012231,           0.0033699,            0.007129,            0.007129,            0.007129
                  89,             0.04146,            0.014499,           0.0053393,             0.97922,             0.91303,             0.93646,             0.45403,            0.045281,            0.012712,           0.0034914,            0.007096,            0.007096,            0.007096
                  90,            0.042658,            0.014806,           0.0071522,             0.95483,             0.91554,             0.93201,             0.42719,              0.0463,            0.013237,           0.0036047,            0.007063,            0.007063,            0.007063
                  91,            0.042214,            0.013975,           0.0066801,             0.97442,             0.91292,             0.93525,             0.45222,              0.0434,            0.013177,           0.0035691,             0.00703,             0.00703,             0.00703
                  92,             0.04268,            0.014711,           0.0066008,             0.93931,             0.92188,             0.93991,             0.43478,             0.04193,             0.01304,           0.0035726,            0.006997,            0.006997,            0.006997
                  93,             0.04041,            0.015011,           0.0044603,             0.94501,             0.90173,             0.93815,             0.45477,            0.040098,            0.013289,           0.0032732,            0.006964,            0.006964,            0.006964
                  94,            0.038263,            0.014575,           0.0047177,             0.91829,             0.88269,             0.90148,             0.39897,            0.041176,            0.013432,           0.0034989,            0.006931,            0.006931,            0.006931
                  95,            0.040966,            0.014836,           0.0053811,             0.95975,             0.90669,             0.92862,             0.46235,            0.040467,            0.013048,           0.0029397,            0.006898,            0.006898,            0.006898
                  96,            0.041242,            0.013831,           0.0054457,              0.9377,             0.87787,             0.91076,             0.42241,            0.043572,            0.013175,           0.0028798,            0.006865,            0.006865,            0.006865
                  97,            0.040539,            0.014998,           0.0050144,             0.97226,             0.93135,             0.94888,             0.43097,            0.042458,            0.013389,           0.0027617,            0.006832,            0.006832,            0.006832
                  98,            0.043007,             0.01458,           0.0065796,              0.9653,             0.91795,             0.96008,              0.4679,            0.040129,             0.01269,           0.0031753,            0.006799,            0.006799,            0.006799
                  99,            0.037854,            0.014418,            0.005756,             0.92848,             0.92502,             0.95023,             0.46305,            0.041769,             0.01226,           0.0030526,            0.006766,            0.006766,            0.006766
                 100,            0.039054,            0.014466,           0.0040297,             0.95609,              0.9091,             0.95459,             0.44276,            0.044079,            0.012515,           0.0030098,            0.006733,            0.006733,            0.006733
                 101,            0.038437,            0.014153,           0.0048938,             0.94047,             0.91515,             0.94598,             0.44582,             0.04871,            0.012986,           0.0029067,              0.0067,              0.0067,              0.0067
                 102,            0.038726,            0.014428,           0.0052746,             0.95789,             0.89473,             0.92733,             0.47041,            0.041649,            0.013127,           0.0038246,            0.006667,            0.006667,            0.006667
                 103,            0.038908,            0.014243,           0.0047893,             0.96409,             0.89476,             0.94273,             0.46333,            0.042746,            0.013094,           0.0038235,            0.006634,            0.006634,            0.006634
                 104,            0.039273,            0.014296,           0.0051725,             0.96641,             0.94248,             0.96577,             0.45997,            0.042525,            0.012965,           0.0029865,            0.006601,            0.006601,            0.006601
                 105,            0.037059,            0.013803,           0.0038224,             0.95548,             0.93544,             0.96067,             0.45649,            0.042028,            0.012886,            0.002616,            0.006568,            0.006568,            0.006568
                 106,            0.038438,            0.014331,           0.0047027,             0.96272,             0.93332,             0.96541,              0.4531,            0.042111,            0.012681,           0.0025702,            0.006535,            0.006535,            0.006535
                 107,            0.039021,            0.013598,           0.0050649,             0.93261,             0.90427,             0.93792,             0.45558,            0.043828,            0.012534,           0.0027964,            0.006502,            0.006502,            0.006502
                 108,            0.039982,            0.014159,           0.0050701,             0.96735,             0.94709,             0.97502,             0.49374,            0.038512,             0.01249,           0.0032714,            0.006469,            0.006469,            0.006469
                 109,            0.040085,            0.014042,           0.0078418,             0.95873,             0.93929,             0.95898,             0.45804,            0.038619,            0.012458,            0.003402,            0.006436,            0.006436,            0.006436
                 110,            0.036659,            0.013945,           0.0048841,             0.97324,             0.93718,             0.96912,             0.46831,            0.038806,            0.012593,           0.0032587,            0.006403,            0.006403,            0.006403
                 111,            0.039711,            0.013393,            0.003945,             0.96541,              0.9473,             0.95711,             0.44926,            0.042516,            0.012965,           0.0030304,             0.00637,             0.00637,             0.00637
                 112,            0.038674,            0.013952,           0.0039263,             0.94766,              0.9099,              0.9511,             0.43994,            0.043242,            0.012949,           0.0033655,            0.006337,            0.006337,            0.006337
                 113,            0.039093,            0.014388,           0.0056258,             0.94286,             0.91929,             0.96442,              0.4706,            0.039594,            0.012826,           0.0035769,            0.006304,            0.006304,            0.006304
                 114,            0.038905,            0.013911,           0.0051733,             0.95695,             0.93623,             0.95893,              0.4435,            0.036524,             0.01265,            0.003676,            0.006271,            0.006271,            0.006271
                 115,            0.036045,            0.013801,           0.0041406,             0.96149,             0.93363,              0.9731,             0.48188,            0.045279,            0.012603,           0.0032036,            0.006238,            0.006238,            0.006238
                 116,            0.040231,            0.014025,           0.0049654,             0.96107,             0.92863,             0.97267,             0.47575,            0.041387,            0.012726,           0.0029823,            0.006205,            0.006205,            0.006205
                 117,            0.036571,            0.014023,           0.0030504,             0.97352,             0.92859,             0.96282,             0.46296,            0.039095,            0.013123,           0.0030086,            0.006172,            0.006172,            0.006172
                 118,            0.037767,            0.014025,            0.004823,                0.95,             0.88938,             0.93703,             0.45288,            0.040248,            0.013173,           0.0031589,            0.006139,            0.006139,            0.006139
                 119,            0.038701,            0.013514,           0.0044576,             0.94593,             0.90348,             0.93754,             0.42677,            0.046122,            0.013257,           0.0030554,            0.006106,            0.006106,            0.006106
                 120,            0.036184,            0.013305,           0.0042631,             0.95174,             0.94779,             0.96786,             0.47423,            0.041329,            0.012814,            0.003387,            0.006073,            0.006073,            0.006073
                 121,             0.03646,            0.013821,           0.0060558,             0.96457,             0.94639,             0.96937,             0.47996,            0.044951,            0.012759,           0.0032757,             0.00604,             0.00604,             0.00604
                 122,            0.039092,            0.014015,           0.0083155,             0.96642,             0.95836,             0.97183,             0.50062,            0.043604,            0.012693,           0.0030431,            0.006007,            0.006007,            0.006007
                 123,             0.03752,            0.013773,           0.0047426,             0.94703,             0.93612,             0.96271,             0.49059,            0.044401,            0.012596,           0.0031165,            0.005974,            0.005974,            0.005974
                 124,             0.03679,            0.014255,           0.0056894,             0.97091,              0.9503,             0.96922,             0.49775,            0.047298,            0.012687,           0.0025051,            0.005941,            0.005941,            0.005941
                 125,            0.035601,            0.013452,           0.0038803,             0.95455,             0.94106,             0.96147,             0.48731,            0.047492,            0.012634,           0.0023508,            0.005908,            0.005908,            0.005908
                 126,            0.034695,            0.013745,           0.0041189,             0.95149,             0.93405,             0.95475,             0.47109,            0.039334,            0.012434,           0.0032709,            0.005875,            0.005875,            0.005875
                 127,            0.035027,            0.013539,           0.0045203,             0.95922,             0.95842,             0.97522,              0.4905,            0.035786,            0.012137,            0.002967,            0.005842,            0.005842,            0.005842
                 128,            0.035644,            0.013618,           0.0036706,             0.93428,             0.93491,             0.94484,               0.474,            0.041901,            0.012209,           0.0029537,            0.005809,            0.005809,            0.005809
                 129,            0.037423,             0.01357,           0.0032321,             0.94487,             0.90501,              0.9411,             0.45413,            0.042919,            0.012547,           0.0030281,            0.005776,            0.005776,            0.005776
                 130,            0.038016,            0.014032,           0.0060212,             0.95581,             0.94366,             0.96271,             0.46425,             0.03957,            0.012379,           0.0026188,            0.005743,            0.005743,            0.005743
                 131,            0.036227,            0.013768,           0.0043453,             0.96839,             0.95012,             0.96905,             0.47657,            0.041669,            0.013132,           0.0024406,             0.00571,             0.00571,             0.00571
                 132,            0.034629,            0.013562,           0.0057137,             0.95127,             0.93527,             0.94428,              0.4381,            0.041827,            0.013072,           0.0025376,            0.005677,            0.005677,            0.005677
                 133,            0.036642,            0.013154,           0.0048788,             0.96131,             0.95206,             0.96408,             0.47301,            0.045366,             0.01307,           0.0025744,            0.005644,            0.005644,            0.005644
                 134,            0.034697,            0.013465,           0.0032956,             0.96395,             0.94837,             0.95558,             0.45528,            0.044705,            0.012747,           0.0025623,            0.005611,            0.005611,            0.005611
                 135,            0.036582,            0.013561,            0.005456,             0.95978,             0.94336,             0.95815,             0.46195,            0.044597,            0.013358,           0.0025618,            0.005578,            0.005578,            0.005578
                 136,            0.038301,            0.013923,           0.0052951,             0.93191,             0.92305,             0.92579,             0.44128,            0.043487,            0.012829,           0.0023409,            0.005545,            0.005545,            0.005545
                 137,            0.037614,            0.013377,           0.0036364,             0.94577,             0.95306,             0.95941,             0.47311,            0.045033,             0.01273,           0.0022357,            0.005512,            0.005512,            0.005512
                 138,            0.036624,            0.013353,           0.0057631,              0.9623,             0.92047,             0.94868,             0.46551,             0.04708,             0.01282,           0.0020894,            0.005479,            0.005479,            0.005479
                 139,            0.037757,            0.013259,           0.0043437,             0.97186,             0.96521,             0.96513,             0.48505,            0.044088,            0.012697,           0.0022474,            0.005446,            0.005446,            0.005446
                 140,            0.034731,            0.014208,           0.0028984,             0.96282,             0.95173,             0.96728,             0.48558,            0.048818,            0.012676,           0.0022802,            0.005413,            0.005413,            0.005413
                 141,             0.03429,            0.013067,           0.0036909,             0.95651,             0.94973,             0.96275,             0.47583,            0.046576,            0.012946,           0.0025419,             0.00538,             0.00538,             0.00538
                 142,            0.034477,            0.012423,           0.0044756,             0.96875,             0.93682,             0.97257,             0.48621,             0.03882,            0.012649,           0.0032768,            0.005347,            0.005347,            0.005347
                 143,            0.038223,            0.013656,           0.0036202,             0.94231,             0.90233,             0.93552,             0.44249,            0.045186,            0.013031,           0.0034735,            0.005314,            0.005314,            0.005314
                 144,            0.036372,            0.013586,            0.003581,             0.94468,             0.94142,             0.96426,             0.47163,             0.04441,            0.012911,            0.003251,            0.005281,            0.005281,            0.005281
                 145,            0.031894,            0.012552,           0.0045126,              0.9544,             0.95223,             0.97133,              0.4893,            0.046572,            0.012721,           0.0028085,            0.005248,            0.005248,            0.005248
                 146,            0.035469,            0.013704,            0.006912,              0.9594,             0.95348,             0.96503,             0.49641,            0.046398,            0.012695,           0.0027242,            0.005215,            0.005215,            0.005215
                 147,            0.032127,            0.013089,           0.0046206,             0.97542,             0.92747,              0.9689,             0.49393,            0.041184,            0.012031,           0.0034701,            0.005182,            0.005182,            0.005182
                 148,            0.032315,            0.013148,           0.0048063,             0.93941,             0.95871,             0.96594,             0.48283,            0.042418,             0.01214,           0.0031579,            0.005149,            0.005149,            0.005149
                 149,            0.035588,            0.013423,           0.0042962,             0.95896,             0.91357,             0.96228,             0.46349,            0.041746,             0.01331,           0.0027526,            0.005116,            0.005116,            0.005116
                 150,            0.035906,            0.013462,           0.0057119,             0.96707,             0.95379,              0.9728,              0.4524,            0.045591,            0.012733,           0.0024136,            0.005083,            0.005083,            0.005083
                 151,            0.037506,            0.013805,           0.0044795,              0.9626,             0.93414,             0.96771,             0.48096,            0.045368,            0.012759,           0.0023073,             0.00505,             0.00505,             0.00505
                 152,            0.034862,             0.01355,            0.003352,             0.94985,             0.94428,             0.96686,             0.49293,            0.042965,            0.012649,           0.0024136,            0.005017,            0.005017,            0.005017
                 153,            0.034056,            0.012757,           0.0050262,             0.95485,             0.93903,             0.96358,             0.49501,            0.041665,            0.012545,           0.0026297,            0.004984,            0.004984,            0.004984
                 154,            0.032289,            0.013497,           0.0036681,             0.96839,             0.94881,             0.97793,             0.50317,            0.040108,             0.01198,           0.0023206,            0.004951,            0.004951,            0.004951
                 155,            0.034324,            0.013216,           0.0025183,             0.95677,             0.95859,              0.9735,             0.49081,             0.03855,            0.011911,           0.0020094,            0.004918,            0.004918,            0.004918
                 156,            0.032431,             0.01305,           0.0030477,             0.95342,             0.95625,             0.96973,             0.45833,            0.038339,            0.012278,           0.0018934,            0.004885,            0.004885,            0.004885
                 157,            0.034061,            0.013165,           0.0039382,             0.95564,             0.96459,             0.97447,             0.46379,             0.03993,            0.012644,           0.0020745,            0.004852,            0.004852,            0.004852
                 158,            0.033559,            0.013354,           0.0031518,              0.9418,             0.91878,             0.94124,             0.46566,            0.040457,            0.013127,           0.0023558,            0.004819,            0.004819,            0.004819
                 159,            0.032475,            0.013382,           0.0037291,             0.94531,              0.9383,             0.95291,             0.46798,            0.042806,            0.013534,           0.0026126,            0.004786,            0.004786,            0.004786
                 160,            0.032989,            0.012617,           0.0028433,             0.95745,             0.93154,             0.96086,             0.48926,            0.042163,            0.012938,           0.0026036,            0.004753,            0.004753,            0.004753
                 161,            0.033031,            0.013006,           0.0041971,             0.95331,             0.93217,             0.95644,             0.47012,            0.044987,             0.01284,           0.0023821,             0.00472,             0.00472,             0.00472
                 162,            0.034663,            0.013053,            0.003912,               0.966,              0.9425,             0.96414,             0.48564,            0.044629,            0.012398,           0.0019901,            0.004687,            0.004687,            0.004687
                 163,            0.034742,            0.013584,           0.0043324,             0.96603,             0.93951,             0.97035,             0.49777,            0.044168,            0.012254,           0.0019286,            0.004654,            0.004654,            0.004654
                 164,            0.032509,            0.012666,           0.0037173,             0.95222,             0.95489,             0.96266,             0.49203,            0.043599,            0.012314,           0.0021378,            0.004621,            0.004621,            0.004621
                 165,            0.033902,            0.012606,           0.0029525,               0.943,             0.94425,             0.95685,             0.48624,            0.039634,            0.012363,           0.0024233,            0.004588,            0.004588,            0.004588
                 166,            0.033379,             0.01245,           0.0033717,             0.95774,              0.9427,             0.95917,             0.49318,            0.039954,            0.012537,           0.0024372,            0.004555,            0.004555,            0.004555
                 167,            0.035103,            0.013036,           0.0022443,             0.96155,             0.95087,             0.96487,             0.49922,            0.040307,            0.012418,           0.0021506,            0.004522,            0.004522,            0.004522
                 168,            0.034123,            0.013002,           0.0033267,             0.97105,             0.95816,             0.97162,              0.5118,            0.040065,            0.012449,           0.0020024,            0.004489,            0.004489,            0.004489
                 169,              0.0342,            0.013236,           0.0023259,             0.96697,             0.95014,             0.97475,             0.47816,            0.040986,            0.012662,           0.0023764,            0.004456,            0.004456,            0.004456
                 170,            0.032368,            0.012659,           0.0027464,               0.957,             0.94812,             0.97057,             0.49686,            0.043865,            0.012632,           0.0024685,            0.004423,            0.004423,            0.004423
                 171,            0.034604,            0.012306,           0.0059681,             0.94472,             0.93345,             0.96052,             0.47657,            0.039259,            0.012805,           0.0032564,             0.00439,             0.00439,             0.00439
                 172,             0.03171,            0.013263,           0.0035641,             0.97546,             0.91694,              0.9576,             0.47249,            0.041499,            0.012584,           0.0036336,            0.004357,            0.004357,            0.004357
                 173,            0.034058,            0.012837,            0.005398,              0.9541,             0.91864,             0.96113,              0.4788,            0.039424,            0.012395,           0.0033053,            0.004324,            0.004324,            0.004324
                 174,            0.033999,            0.012904,           0.0031955,             0.98113,             0.91148,             0.95891,               0.488,            0.038226,            0.012221,           0.0030717,            0.004291,            0.004291,            0.004291
                 175,            0.033359,            0.013141,           0.0028731,             0.97282,             0.93415,             0.96416,             0.49893,            0.035481,            0.012239,           0.0028052,            0.004258,            0.004258,            0.004258
                 176,            0.030211,            0.012754,            0.002485,             0.97621,             0.93414,             0.96677,             0.50633,             0.03909,            0.012252,           0.0026133,            0.004225,            0.004225,            0.004225
                 177,            0.031382,            0.012524,           0.0040514,             0.96458,             0.94785,             0.97489,             0.50072,            0.040093,            0.012195,           0.0022266,            0.004192,            0.004192,            0.004192
                 178,            0.032782,            0.012573,           0.0033507,             0.96977,             0.92045,             0.97398,             0.49229,            0.037206,            0.012097,           0.0020812,            0.004159,            0.004159,            0.004159
                 179,            0.030038,            0.012944,            0.002699,             0.95424,             0.96875,             0.97585,             0.51129,            0.038734,            0.011905,           0.0026356,            0.004126,            0.004126,            0.004126
                 180,            0.030523,            0.012196,           0.0030063,             0.93585,             0.96282,             0.97658,             0.50929,            0.036401,            0.011858,           0.0023571,            0.004093,            0.004093,            0.004093
                 181,            0.031148,            0.012908,           0.0022579,             0.94583,              0.9581,             0.97588,             0.49391,            0.039353,            0.011959,           0.0019597,             0.00406,             0.00406,             0.00406
                 182,            0.033271,            0.013157,           0.0041539,             0.94703,             0.95678,             0.97659,             0.49065,            0.039626,            0.011915,            0.001858,            0.004027,            0.004027,            0.004027
                 183,            0.031834,            0.012486,           0.0023777,             0.96531,             0.92915,              0.9715,             0.49959,            0.036964,             0.01178,           0.0019796,            0.003994,            0.003994,            0.003994
                 184,            0.035159,            0.012939,            0.003381,             0.95483,             0.94966,             0.97609,               0.486,             0.03783,            0.011759,             0.00219,            0.003961,            0.003961,            0.003961
                 185,             0.03066,            0.012837,           0.0031643,             0.96304,             0.96095,             0.97698,             0.48901,            0.036128,            0.011872,           0.0023481,            0.003928,            0.003928,            0.003928
                 186,            0.030762,            0.012685,           0.0026433,             0.96013,              0.9625,             0.97946,             0.48186,            0.041035,            0.012049,           0.0023718,            0.003895,            0.003895,            0.003895
                 187,            0.030816,            0.012513,            0.003373,             0.96198,             0.95758,             0.97479,             0.49638,            0.040263,            0.012284,           0.0022999,            0.003862,            0.003862,            0.003862
                 188,            0.029083,            0.012671,            0.005307,             0.96977,             0.94355,             0.97553,              0.4941,            0.041176,            0.012541,           0.0020327,            0.003829,            0.003829,            0.003829
                 189,            0.030021,            0.011854,           0.0019283,             0.97436,             0.95167,             0.97753,              0.4927,            0.039615,            0.012665,            0.001882,            0.003796,            0.003796,            0.003796
                 190,            0.033386,            0.012478,           0.0028459,             0.97089,             0.95445,             0.98123,             0.49789,            0.038327,            0.012512,           0.0018821,            0.003763,            0.003763,            0.003763
                 191,            0.031037,            0.012657,           0.0034554,             0.96741,             0.95446,             0.97894,               0.506,            0.038069,            0.012258,           0.0018907,             0.00373,             0.00373,             0.00373
                 192,            0.032828,            0.012692,           0.0030256,             0.96004,              0.9515,             0.96831,             0.50421,            0.038541,            0.011999,           0.0020657,            0.003697,            0.003697,            0.003697
                 193,            0.030148,            0.012365,           0.0041495,             0.96209,             0.93846,             0.96606,             0.49061,            0.038365,            0.012029,            0.002425,            0.003664,            0.003664,            0.003664
                 194,            0.029608,            0.012044,           0.0023312,             0.96268,             0.94865,              0.9735,             0.49401,            0.037946,             0.01197,           0.0024618,            0.003631,            0.003631,            0.003631
                 195,            0.031831,             0.01229,           0.0033934,             0.95043,             0.95678,             0.97827,             0.48251,            0.040262,            0.012327,           0.0022404,            0.003598,            0.003598,            0.003598
                 196,            0.030072,            0.012095,           0.0030346,             0.93773,              0.9506,             0.97363,             0.49497,            0.040002,            0.012479,            0.002135,            0.003565,            0.003565,            0.003565
                 197,            0.028065,            0.011876,           0.0022688,              0.9537,             0.95015,             0.97124,             0.49217,            0.041887,            0.012256,           0.0020438,            0.003532,            0.003532,            0.003532
                 198,            0.028028,            0.012221,           0.0018584,             0.95015,             0.94757,              0.9728,             0.48897,            0.040976,            0.012251,           0.0021366,            0.003499,            0.003499,            0.003499
                 199,            0.030386,            0.012174,           0.0031672,             0.95286,             0.96654,             0.97524,             0.50478,            0.037498,            0.012142,           0.0020507,            0.003466,            0.003466,            0.003466
                 200,             0.02953,            0.012301,           0.0040664,             0.93999,             0.96654,             0.98412,              0.5078,            0.038347,            0.012264,           0.0020434,            0.003433,            0.003433,            0.003433
                 201,            0.030632,            0.012298,           0.0022523,             0.97427,             0.94803,              0.9809,              0.5138,            0.038336,            0.012501,           0.0019466,              0.0034,              0.0034,              0.0034
                 202,            0.027852,            0.012002,           0.0023581,             0.96172,             0.91205,             0.95288,             0.49288,            0.042793,            0.012566,           0.0020798,            0.003367,            0.003367,            0.003367
                 203,            0.026894,            0.012289,           0.0024628,             0.95177,             0.93489,             0.95787,             0.50144,            0.041245,            0.012585,           0.0022877,            0.003334,            0.003334,            0.003334
                 204,            0.029282,            0.012333,           0.0020643,             0.95335,             0.94429,             0.96719,             0.49664,            0.036608,            0.011964,           0.0024373,            0.003301,            0.003301,            0.003301
                 205,            0.031975,            0.013138,           0.0038861,              0.9466,             0.93636,             0.96273,              0.4912,            0.040788,            0.012013,           0.0021687,            0.003268,            0.003268,            0.003268
                 206,            0.028873,            0.012416,           0.0023957,             0.97279,             0.93494,             0.97317,             0.50269,            0.044373,             0.01186,           0.0019337,            0.003235,            0.003235,            0.003235
                 207,            0.031853,            0.012033,           0.0022271,             0.95774,             0.94643,             0.97568,             0.48712,             0.04321,            0.011912,           0.0018934,            0.003202,            0.003202,            0.003202
                 208,             0.02819,            0.012193,           0.0017644,             0.96362,             0.92083,             0.96445,             0.48816,            0.036645,            0.011937,            0.002035,            0.003169,            0.003169,            0.003169
                 209,            0.028214,            0.012212,           0.0018655,             0.94052,             0.94127,             0.96631,             0.48572,            0.034659,            0.012103,           0.0021494,            0.003136,            0.003136,            0.003136
                 210,            0.031522,            0.012488,           0.0032278,             0.94282,             0.94025,             0.96589,             0.49019,            0.035628,            0.012383,             0.00197,            0.003103,            0.003103,            0.003103
                 211,            0.029998,            0.012041,            0.003395,             0.94987,             0.94322,             0.96624,              0.5009,              0.0399,            0.012415,           0.0018614,             0.00307,             0.00307,             0.00307
                 212,            0.030289,            0.013143,           0.0034047,             0.97743,             0.91849,             0.96465,             0.50158,            0.040707,             0.01246,           0.0017889,            0.003037,            0.003037,            0.003037
                 213,            0.029731,            0.012832,           0.0027806,             0.96687,              0.9375,             0.97203,             0.50262,            0.039946,            0.011999,           0.0017408,            0.003004,            0.003004,            0.003004
                 214,            0.028336,            0.012135,           0.0018731,             0.94423,             0.95991,             0.96927,             0.48732,            0.038024,            0.011944,           0.0017155,            0.002971,            0.002971,            0.002971
                 215,            0.029469,            0.012091,           0.0025375,             0.95157,             0.96332,             0.98201,             0.49929,            0.038838,            0.012128,           0.0015323,            0.002938,            0.002938,            0.002938
                 216,            0.032207,            0.012351,           0.0026971,             0.95382,             0.95537,             0.97521,             0.50599,            0.040095,             0.01229,           0.0013262,            0.002905,            0.002905,            0.002905
                 217,            0.029863,            0.012024,            0.003296,              0.9588,             0.95916,              0.9723,             0.51063,            0.039507,            0.012156,           0.0014481,            0.002872,            0.002872,            0.002872
                 218,            0.028438,            0.012432,           0.0027842,             0.96142,             0.96074,             0.98026,             0.51846,            0.037947,            0.011806,           0.0017195,            0.002839,            0.002839,            0.002839
                 219,            0.026395,            0.011455,           0.0029224,             0.95416,             0.96553,             0.97916,             0.52243,            0.036004,            0.011954,           0.0017991,            0.002806,            0.002806,            0.002806
                 220,            0.029628,            0.011491,           0.0036508,             0.96061,              0.9764,             0.98117,             0.51398,            0.037317,            0.012124,           0.0017058,            0.002773,            0.002773,            0.002773
                 221,            0.027262,             0.01217,           0.0021404,             0.96355,             0.97605,             0.98038,             0.51096,            0.034698,            0.011846,            0.001597,             0.00274,             0.00274,             0.00274
                 222,              0.0266,            0.011639,           0.0032725,             0.95672,             0.97439,             0.97202,             0.51003,            0.035445,            0.011603,           0.0015389,            0.002707,            0.002707,            0.002707
                 223,            0.025467,            0.012111,           0.0017082,             0.95541,             0.97564,             0.97153,             0.51771,             0.03563,            0.011685,           0.0015339,            0.002674,            0.002674,            0.002674
                 224,            0.026819,            0.012478,           0.0017927,             0.95559,             0.97246,             0.97994,              0.5266,            0.034554,            0.011714,           0.0013931,            0.002641,            0.002641,            0.002641
                 225,            0.028484,            0.012326,           0.0029228,             0.93617,             0.97658,             0.97766,              0.4963,            0.035792,            0.011879,           0.0014803,            0.002608,            0.002608,            0.002608
                 226,            0.028475,            0.012212,           0.0025792,             0.91993,             0.96498,             0.96746,             0.49225,            0.036242,            0.011946,           0.0015436,            0.002575,            0.002575,            0.002575
                 227,             0.02821,            0.012382,           0.0019177,             0.95643,             0.95995,             0.97722,              0.5078,            0.035231,            0.012092,           0.0013162,            0.002542,            0.002542,            0.002542
                 228,            0.028068,            0.011495,           0.0018184,             0.95254,             0.95363,             0.97433,             0.50864,            0.038329,             0.01213,           0.0012625,            0.002509,            0.002509,            0.002509
                 229,            0.027408,            0.011685,           0.0031171,             0.96739,              0.9566,              0.9788,             0.51137,            0.035576,             0.01202,           0.0013017,            0.002476,            0.002476,            0.002476
                 230,            0.026588,            0.011692,           0.0016836,             0.95961,             0.97288,             0.97992,             0.50923,            0.036552,            0.011892,           0.0013505,            0.002443,            0.002443,            0.002443
                 231,            0.028925,             0.01267,           0.0022938,             0.96039,             0.97909,             0.98368,              0.5083,            0.034453,            0.011895,           0.0014486,             0.00241,             0.00241,             0.00241
                 232,            0.026293,            0.012026,           0.0019143,              0.9617,             0.97843,             0.98422,              0.5208,             0.03401,            0.011715,           0.0014513,            0.002377,            0.002377,            0.002377
                 233,            0.026741,            0.012089,            0.002205,             0.97129,             0.97584,             0.98557,             0.51854,            0.033062,            0.011693,           0.0012912,            0.002344,            0.002344,            0.002344
                 234,              0.0289,            0.011227,           0.0023395,             0.96158,             0.98195,             0.98566,             0.50905,            0.034549,            0.011737,           0.0012331,            0.002311,            0.002311,            0.002311
                 235,            0.026897,             0.01168,           0.0013772,             0.96347,             0.97968,              0.9854,             0.51406,            0.037146,            0.011827,           0.0012742,            0.002278,            0.002278,            0.002278
                 236,            0.028156,            0.012353,           0.0020111,             0.96113,             0.98028,             0.98375,             0.51004,            0.036892,            0.011737,           0.0012879,            0.002245,            0.002245,            0.002245
                 237,            0.028616,            0.011887,           0.0026517,             0.97261,             0.98549,             0.98178,              0.5156,            0.036653,            0.011666,            0.001371,            0.002212,            0.002212,            0.002212
                 238,            0.025978,            0.011763,           0.0013521,             0.96972,             0.98147,              0.9849,               0.508,            0.035608,            0.011586,           0.0014436,            0.002179,            0.002179,            0.002179
                 239,            0.027782,            0.011983,           0.0018442,             0.96271,             0.97983,             0.97994,             0.50482,            0.035559,             0.01182,           0.0014931,            0.002146,            0.002146,            0.002146
                 240,            0.026704,            0.011867,           0.0019415,             0.95929,             0.96451,             0.98034,              0.5032,            0.038474,            0.012107,           0.0014944,            0.002113,            0.002113,            0.002113
                 241,            0.027642,            0.012058,           0.0017966,             0.95801,             0.96466,             0.98111,             0.50417,            0.038762,            0.012088,           0.0015829,             0.00208,             0.00208,             0.00208
                 242,            0.026589,            0.011461,            0.001782,             0.96083,             0.96086,             0.98092,             0.50756,            0.037688,            0.011784,           0.0017123,            0.002047,            0.002047,            0.002047
                 243,             0.02682,            0.011989,           0.0023352,             0.95646,             0.97605,             0.98082,             0.51397,            0.036886,            0.011727,           0.0017897,            0.002014,            0.002014,            0.002014
                 244,            0.025472,            0.011876,            0.002008,             0.94337,             0.97346,             0.97836,             0.51562,            0.037557,            0.011918,           0.0018876,            0.001981,            0.001981,            0.001981
                 245,            0.026018,            0.011328,           0.0017907,             0.95511,             0.95716,             0.97167,             0.50489,            0.037954,            0.012219,           0.0017146,            0.001948,            0.001948,            0.001948
                 246,            0.027675,            0.011895,           0.0019447,             0.96161,              0.9645,             0.97977,             0.51239,            0.038792,            0.012382,           0.0015074,            0.001915,            0.001915,            0.001915
                 247,             0.02673,            0.011116,            0.001947,             0.97727,             0.97546,             0.98215,             0.51202,            0.036044,            0.012333,           0.0014305,            0.001882,            0.001882,            0.001882
                 248,            0.025708,            0.011551,           0.0023495,             0.97206,             0.96565,             0.98094,              0.4941,            0.037944,            0.012406,           0.0014863,            0.001849,            0.001849,            0.001849
                 249,            0.026313,            0.011116,           0.0018076,             0.96473,             0.96074,             0.97533,             0.49922,            0.038045,            0.012528,           0.0013933,            0.001816,            0.001816,            0.001816
                 250,            0.027004,            0.011542,           0.0016235,             0.96745,             0.97077,             0.97488,             0.49438,            0.038555,            0.012693,           0.0013257,            0.001783,            0.001783,            0.001783
                 251,            0.027302,            0.012239,           0.0019418,             0.97511,             0.96886,             0.97424,             0.51375,            0.039482,            0.012646,           0.0014136,             0.00175,             0.00175,             0.00175
                 252,            0.024579,            0.012101,           0.0022732,             0.98222,             0.96342,             0.97712,             0.51356,            0.040796,            0.012523,           0.0014676,            0.001717,            0.001717,            0.001717
                 253,            0.026892,             0.01188,           0.0030591,             0.97057,             0.95718,             0.97833,             0.51504,            0.039978,            0.012467,           0.0017316,            0.001684,            0.001684,            0.001684
                 254,            0.026007,            0.011646,           0.0022155,             0.95616,             0.94708,             0.97141,              0.5138,            0.036879,             0.01236,           0.0017866,            0.001651,            0.001651,            0.001651
                 255,            0.026041,            0.011894,           0.0023368,              0.9575,             0.96442,             0.98156,             0.50866,            0.038418,            0.012224,           0.0019525,            0.001618,            0.001618,            0.001618
                 256,            0.027487,            0.012192,           0.0016862,             0.96067,             0.95257,             0.98047,             0.50751,            0.037934,            0.012255,           0.0018314,            0.001585,            0.001585,            0.001585
                 257,            0.026039,            0.012058,           0.0018122,             0.96671,             0.96228,             0.98228,             0.50902,            0.036922,             0.01228,           0.0016532,            0.001552,            0.001552,            0.001552
                 258,            0.024494,            0.011439,           0.0013658,             0.96304,             0.96073,             0.98173,             0.51477,            0.038597,            0.012156,            0.001598,            0.001519,            0.001519,            0.001519
                 259,            0.025702,            0.011132,           0.0013368,             0.95187,              0.9544,              0.9751,              0.5129,            0.038435,             0.01224,           0.0016474,            0.001486,            0.001486,            0.001486
                 260,            0.024871,            0.011255,           0.0016463,             0.95485,             0.94963,             0.97481,             0.50222,            0.037809,            0.012291,           0.0016201,            0.001453,            0.001453,            0.001453
                 261,            0.024943,             0.01177,           0.0016096,             0.95706,             0.95165,             0.97675,             0.51015,            0.037456,            0.012171,           0.0013999,             0.00142,             0.00142,             0.00142
                 262,            0.025715,            0.011643,           0.0019231,             0.95993,             0.95905,             0.98243,             0.51295,            0.037231,            0.012187,           0.0013814,            0.001387,            0.001387,            0.001387
                 263,            0.025121,            0.011502,           0.0018264,             0.96902,             0.95151,               0.976,             0.50744,            0.037912,            0.012189,           0.0014413,            0.001354,            0.001354,            0.001354
                 264,            0.024434,            0.012697,           0.0020717,             0.97177,             0.95034,             0.97846,              0.5001,             0.03898,            0.012347,           0.0014682,            0.001321,            0.001321,            0.001321
                 265,             0.02576,            0.011275,           0.0016313,             0.97076,             0.94825,              0.9768,             0.50536,            0.040125,            0.012553,           0.0014682,            0.001288,            0.001288,            0.001288
                 266,            0.023633,            0.011766,           0.0013412,             0.96903,             0.94735,             0.97742,             0.50765,            0.039717,            0.012479,           0.0016653,            0.001255,            0.001255,            0.001255
                 267,            0.026314,            0.011527,           0.0021442,             0.97355,             0.95354,             0.98182,             0.51413,             0.03802,            0.012305,           0.0017927,            0.001222,            0.001222,            0.001222
                 268,            0.025501,            0.011994,           0.0014448,             0.95037,             0.97912,             0.98311,             0.51498,            0.037012,            0.012248,           0.0017349,            0.001189,            0.001189,            0.001189
                 269,             0.02559,            0.011834,           0.0029808,             0.97877,             0.95506,             0.98244,             0.51346,            0.037213,            0.012241,           0.0017398,            0.001156,            0.001156,            0.001156
                 270,            0.025297,            0.011031,           0.0015417,             0.97857,             0.95364,             0.98137,             0.51453,            0.036944,            0.012352,           0.0017682,            0.001123,            0.001123,            0.001123
                 271,            0.024746,            0.011135,            0.002463,             0.97833,             0.95245,             0.98178,             0.51329,            0.037966,            0.012332,           0.0017694,             0.00109,             0.00109,             0.00109
                 272,            0.023455,            0.011937,           0.0020594,             0.96941,             0.95165,             0.98054,             0.50536,            0.039064,            0.012384,           0.0017845,            0.001057,            0.001057,            0.001057
                 273,            0.024878,            0.011384,           0.0014655,             0.96421,             0.96019,             0.97914,              0.5021,            0.039817,            0.012488,           0.0017946,            0.001024,            0.001024,            0.001024
                 274,            0.022799,            0.011562,           0.0019116,             0.96246,             0.96337,             0.98011,              0.4992,            0.039068,             0.01249,           0.0017082,            0.000991,            0.000991,            0.000991
                 275,            0.024857,            0.010576,           0.0013704,             0.95749,             0.96557,             0.98131,             0.51007,            0.038434,            0.012332,           0.0016379,            0.000958,            0.000958,            0.000958
                 276,            0.025133,            0.011783,           0.0014121,             0.95253,             0.96302,             0.98142,             0.51072,            0.038142,            0.012382,           0.0015722,            0.000925,            0.000925,            0.000925
                 277,            0.025116,            0.011383,           0.0018917,               0.959,             0.96077,             0.98133,             0.51297,            0.038733,            0.012342,           0.0014695,            0.000892,            0.000892,            0.000892
                 278,            0.024334,            0.011407,           0.0016174,             0.95445,             0.96163,             0.97955,             0.51095,            0.038749,            0.012341,           0.0015816,            0.000859,            0.000859,            0.000859
                 279,            0.025453,            0.011436,           0.0015166,             0.95813,              0.9617,             0.97974,             0.51377,            0.037524,            0.012348,           0.0014697,            0.000826,            0.000826,            0.000826
                 280,            0.025382,            0.010995,           0.0016178,             0.96242,             0.96168,             0.97981,             0.50873,            0.037829,            0.012304,           0.0013909,            0.000793,            0.000793,            0.000793
                 281,            0.021482,            0.011039,           0.0011613,             0.96674,             0.96606,             0.98162,             0.50914,            0.038214,            0.012347,           0.0014508,             0.00076,             0.00076,             0.00076
                 282,            0.022926,            0.011274,           0.0015154,             0.96152,             0.96155,             0.98026,             0.51283,            0.038513,             0.01237,           0.0014609,            0.000727,            0.000727,            0.000727
                 283,            0.023079,            0.011375,           0.0011579,             0.97257,             0.95634,             0.98101,             0.51192,            0.037941,            0.012386,           0.0013098,            0.000694,            0.000694,            0.000694
                 284,             0.02288,            0.011736,           0.0012646,             0.96926,             0.95646,             0.98263,             0.51214,             0.03863,            0.012444,           0.0012641,            0.000661,            0.000661,            0.000661
                 285,             0.02318,             0.01184,           0.0017825,             0.95774,             0.96842,               0.983,             0.50686,            0.038335,            0.012408,            0.001229,            0.000628,            0.000628,            0.000628
                 286,            0.023976,            0.011544,           0.0012316,              0.9618,             0.97203,             0.98461,             0.50794,            0.037662,              0.0124,           0.0012212,            0.000595,            0.000595,            0.000595
                 287,            0.023862,            0.010807,           0.0015716,             0.96791,              0.9566,             0.98256,             0.51043,            0.037753,            0.012349,           0.0013326,            0.000562,            0.000562,            0.000562
                 288,             0.02308,            0.011768,           0.0012224,             0.97218,             0.95458,             0.98162,             0.51971,             0.03788,            0.012305,           0.0013161,            0.000529,            0.000529,            0.000529
                 289,            0.023375,            0.011442,           0.0012624,              0.9762,             0.95364,             0.98194,             0.51893,            0.037517,            0.012292,           0.0012452,            0.000496,            0.000496,            0.000496
                 290,            0.022244,            0.011213,           0.0012999,             0.97845,             0.95609,             0.98474,             0.51593,            0.037612,            0.012288,           0.0011832,            0.000463,            0.000463,            0.000463
                 291,            0.025231,            0.011208,           0.0034348,             0.98711,             0.95037,             0.98225,              0.5064,            0.038309,            0.012272,           0.0012011,             0.00043,             0.00043,             0.00043
                 292,            0.022829,            0.011375,           0.0013882,             0.98429,             0.95133,             0.98248,             0.51086,            0.038363,            0.012267,            0.001285,            0.000397,            0.000397,            0.000397
                 293,            0.023911,            0.011042,           0.0021282,             0.97318,             0.96216,             0.98288,             0.50867,            0.038002,            0.012245,           0.0012894,            0.000364,            0.000364,            0.000364
                 294,            0.021847,            0.010809,           0.0015694,             0.96436,             0.97497,             0.98638,             0.50987,            0.038108,             0.01231,           0.0012033,            0.000331,            0.000331,            0.000331
                 295,            0.023865,            0.011402,           0.0026486,             0.96152,             0.98004,             0.98693,             0.50815,            0.037297,            0.012251,           0.0011837,            0.000298,            0.000298,            0.000298
                 296,             0.02187,            0.011179,           0.0012544,             0.97579,              0.9568,             0.98623,             0.51397,            0.036889,            0.012265,           0.0011816,            0.000265,            0.000265,            0.000265
                 297,            0.022394,             0.01076,           0.0013993,              0.9746,             0.95699,             0.98652,             0.51425,            0.036058,            0.012226,           0.0011692,            0.000232,            0.000232,            0.000232
                 298,            0.024305,            0.010897,           0.0024358,             0.97279,             0.95812,             0.98624,             0.51144,            0.035918,            0.012189,           0.0011789,            0.000199,            0.000199,            0.000199
                 299,            0.022897,            0.011327,           0.0018145,             0.97235,             0.95805,             0.98624,             0.51795,            0.036272,            0.012187,           0.0011968,            0.000166,            0.000166,            0.000166
